﻿<?xml version="1.0" encoding="utf-8" ?>
<EmployeeRecords>
	<EmployeeDetails>
		<EmployeeNumber>0001</EmployeeNumber>
		<Firstname>Linda</Firstname>
		<Lastname>Jenkins</Lastname>
		<Email>lindajenkins@acme.com</Email>
		<PhoneNumber>+27 11 111 111</PhoneNumber>
		<UserName>lindajenkins@acme.com</UserName>
		<ReportingTo></ReportingTo>
		<EmployeeRole>Manager</EmployeeRole>
	</EmployeeDetails>
	<EmployeeDetails>
		<EmployeeNumber>0002</EmployeeNumber>
		<Firstname>Milton</Firstname>
		<Lastname>Coleman</Lastname>
		<Email>miltoncoleman@acme.com</Email>
		<PhoneNumber>+27 55 937 274</PhoneNumber>
		<UserName>miltoncoleman@acme.com</UserName>
		<ReportingTo>0001</ReportingTo>
		<EmployeeRole>Manager</EmployeeRole>
	</EmployeeDetails>
	<EmployeeDetails>
		<EmployeeNumber>0003</EmployeeNumber>
		<Firstname>Colin</Firstname>
		<Lastname>Horton</Lastname>
		<Email>colinhorton@acme.com</Email>
		<PhoneNumber>+27 20 915 7545</PhoneNumber>
		<UserName>colinhorton@acme.com</UserName>
		<ReportingTo>0001</ReportingTo>
		<EmployeeRole>Manager</EmployeeRole>
	</EmployeeDetails>
	<EmployeeDetails>
		<EmployeeNumber>1005</EmployeeNumber>
		<Firstname>Charlotte</Firstname>
		<Lastname>Osborne</Lastname>
		<Email>charlotteosborne@acme.com</Email>
		<PhoneNumber>+27 55 760 177</PhoneNumber>
		<UserName>charlotteosborne@acme.com</UserName>
		<ReportingTo>0002</ReportingTo>
		<EmployeeRole>Employee</EmployeeRole>
	</EmployeeDetails>
	<EmployeeDetails>
		<EmployeeNumber>1006</EmployeeNumber>
		<Firstname>Marie</Firstname>
		<Lastname>Walters</Lastname>
		<Email>mariewalters@acme.com</Email>
		<PhoneNumber>+27 20 918 6908</PhoneNumber>
		<UserName>mariewalters@acme.com</UserName>
		<ReportingTo>0002</ReportingTo>
		<EmployeeRole>Employee</EmployeeRole>
	</EmployeeDetails>
	<EmployeeDetails>
		<EmployeeNumber>1008</EmployeeNumber>
		<Firstname>Leonard</Firstname>
		<Lastname>Gill</Lastname>
		<Email>leonardgill@acme.com</Email>
		<PhoneNumber>+27 55 525 585</PhoneNumber>
		<UserName>leonardgill@acme.com</UserName>
		<ReportingTo>0002</ReportingTo>
		<EmployeeRole>Employee</EmployeeRole>
	</EmployeeDetails>
	<EmployeeDetails>
		<EmployeeNumber>1009</EmployeeNumber>
		<Firstname>Enrique</Firstname>
		<Lastname>Thomas</Lastname>
		<Email>enriquethomas@acme.com</Email>
		<PhoneNumber>+27 20 916 1335</PhoneNumber>
		<UserName>enriquethomas@acme.com</UserName>
		<ReportingTo>0002</ReportingTo>
		<EmployeeRole>Employee</EmployeeRole>
	</EmployeeDetails>
	<EmployeeDetails>
		<EmployeeNumber>1010</EmployeeNumber>
		<Firstname>Omar</Firstname>
		<Lastname>Dunn</Lastname>
		<Email>omardunn@acme.com</Email>
		<PhoneNumber></PhoneNumber>
		<UserName>omardunn@acme.com</UserName>
		<ReportingTo>0002</ReportingTo>
		<EmployeeRole>Employee</EmployeeRole>
	</EmployeeDetails>
	<EmployeeDetails>
		<EmployeeNumber>1012</EmployeeNumber>
		<Firstname>Dewey</Firstname>
		<Lastname>George</Lastname>
		<Email>deweygeorge@acme.com</Email>
		<PhoneNumber>+27 55 260 127</PhoneNumber>
		<UserName>deweygeorge@acme.com</UserName>
		<ReportingTo>0002</ReportingTo>
		<EmployeeRole>Employee</EmployeeRole>
	</EmployeeDetails>
	<EmployeeDetails>
		<EmployeeNumber>1013</EmployeeNumber>
		<Firstname>Rudy</Firstname>
		<Lastname>Lewis</Lastname>
		<Email>rudylewis@acme.com</Email>
		<PhoneNumber></PhoneNumber>
		<UserName>rudylewis@acme.com</UserName>
		<ReportingTo>0002</ReportingTo>
		<EmployeeRole>Employee</EmployeeRole>
	</EmployeeDetails>
	<EmployeeDetails>
		<EmployeeNumber>1015</EmployeeNumber>
		<Firstname>Neal</Firstname>
		<Lastname>French</Lastname>
		<Email>nealfrench@acme.com</Email>
		<PhoneNumber>+27 20 919 4882</PhoneNumber>
		<UserName>nealfrench@acme.com</UserName>
		<ReportingTo>0002</ReportingTo>
		<EmployeeRole>Employee</EmployeeRole>
	</EmployeeDetails>
	<EmployeeDetails>
		<EmployeeNumber>2005</EmployeeNumber>
		<Firstname>Ella</Firstname>
		<Lastname>Jefferson</Lastname>
		<Email>ellajefferson@acme.com</Email>
		<PhoneNumber>+27 55 979 367</PhoneNumber>
		<UserName>ellajefferson@acme.com</UserName>
		<ReportingTo>0003</ReportingTo>
		<EmployeeRole>Employee</EmployeeRole>
	</EmployeeDetails>
	<EmployeeDetails>
		<EmployeeNumber>2006</EmployeeNumber>
		<Firstname>Earl</Firstname>
		<Lastname>Craig</Lastname>
		<Email>earlcraig@acme.com</Email>
		<PhoneNumber>+27 20 916 5608</PhoneNumber>
		<UserName>earlcraig@acme.com</UserName>
		<ReportingTo>0003</ReportingTo>
		<EmployeeRole>Employee</EmployeeRole>
	</EmployeeDetails>
	<EmployeeDetails>
		<EmployeeNumber>2008</EmployeeNumber>
		<Firstname>Marsha</Firstname>
		<Lastname>Murphy</Lastname>
		<Email>marshamurphy@acme.com</Email>
		<PhoneNumber>+36 55 949 891</PhoneNumber>
		<UserName>marshamurphy@acme.com</UserName>
		<ReportingTo>0003</ReportingTo>
		<EmployeeRole>Employee</EmployeeRole>
	</EmployeeDetails>
	<EmployeeDetails>
		<EmployeeNumber>2009</EmployeeNumber>
		<Firstname>Luis</Firstname>
		<Lastname>Ortega</Lastname>
		<Email>luisortega@acme.com</Email>
		<PhoneNumber>+27 20 917 1339</PhoneNumber>
		<UserName>luisortega@acme.com</UserName>
		<ReportingTo>0003</ReportingTo>
		<EmployeeRole>Employee</EmployeeRole>
	</EmployeeDetails>
	<EmployeeDetails>
		<EmployeeNumber>2010</EmployeeNumber>
		<Firstname>Faye</Firstname>
		<Lastname>Dennis</Lastname>
		<Email>fayedennis@acme.com</Email>
		<PhoneNumber></PhoneNumber>
		<UserName>fayedennis@acme.com</UserName>
		<ReportingTo>0003</ReportingTo>
		<EmployeeRole>Employee</EmployeeRole>
	</EmployeeDetails>
	<EmployeeDetails>
		<EmployeeNumber>2012</EmployeeNumber>
		<Firstname>Amy</Firstname>
		<Lastname>Burns</Lastname>
		<Email>amyburns@acme.com</Email>
		<PhoneNumber>+27 20 914 1775</PhoneNumber>
		<UserName>amyburns@acme.com</UserName>
		<ReportingTo>0003</ReportingTo>
		<EmployeeRole>Employee</EmployeeRole>
	</EmployeeDetails>
	<EmployeeDetails>
		<EmployeeNumber>2013</EmployeeNumber>
		<Firstname>Darrel</Firstname>
		<Lastname>Weber</Lastname>
		<Email>darrelweber@acme.com</Email>
		<PhoneNumber>+27 55 615 463</PhoneNumber>
		<UserName>darrelweber@acme.com</UserName>
		<ReportingTo>0003</ReportingTo>
		<EmployeeRole>Employee</EmployeeRole>
	</EmployeeDetails>
</EmployeeRecords>